<!DOCTYPE mapper
        PUBLIC "-//mybatis.org//DTD Mapper 3.0//EN"
        "http://mybatis.org/dtd/mybatis-3-mapper.dtd">
<mapper namespace="com.itboyst.facedemo.mapper.CbankMapper">
    <resultMap id="Cbanks" type="com.itboyst.facedemo.dto.Cbank">
        <id column="id" property="id" javaType="int"/>
        <result column="question" property="question" javaType="String"/>
        <result column="answer1" property="answer1" javaType="String"/>
        <result column="answer2" property="answer2" javaType="String"/>
        <result column="answer3" property="answer3" javaType="String"/>
        <result column="answer4" property="answer4" javaType="String"/>
        <result column="trueanswer" property="trueanswer" javaType="String"/>
        <result column="difficulty" property="difficulty" javaType="String"/>
        <result column="classify" property="classify" javaType="String"/>

    </resultMap>

    <!-- <resultMap id="userFace2" type="com.itboyst.facedemo.dto.FaceUserInfo">
         <id column="id" property="id" javaType="int"/>
         <result column="group_id" property="groupId" javaType="java.lang.Integer"/>
         <result column="face_id" property="faceId" javaType="String"/>
         <result column="phone_number" property="phoneNumber" javaType="String"/>
         <result column="create_time" property="createTime" javaType="java.util.Date"/>
         <result column="face_feature" property="faceFeature"/>
     </resultMap>-->


    <select id="findallCbank" resultMap="Cbanks" resultType="com.itboyst.facedemo.dto.Cbank">
        SELECT * FROM cbank ORDER BY RAND() LIMIT 3
    </select>

    <!--
        <insert id="insertUserFaceInfo" parameterType="com.itboyst.facedemo.domain.UserFaceInfo" >
                INSERT INTO user_face_info (group_id,face_id,name,face_feature,fpath) VALUES (#{groupId},#{faceId},#{name},#{faceFeature},#{path})
        </insert>

        <select id="getUserFaceInfoByGroupId" resultMap="userFace2" parameterType="java.lang.Integer" resultType="com.itboyst.facedemo.dto.FaceUserInfo">
            select face_id,name,face_feature from user_face_info
        </select>-->


</mapper>